AM_N_072	BT_N_001	BT_N_025	BT_N_029	CA_N_007	CA_N_012	CA_N_030	ERR10123638	SRR10034516	SRR10034517	SRR10034518	SRR10034523	SRR11426431	SRR11426432	SRR11426433	SRR11440494	SRR11440495	SRR11440496	SRR11445089	SRR11445090	SRR11445091	SRR11448239	SRR11448240	SRR11448241	SRR12053407	SRR12053410	SRR12053411	SRR12053412	SRR12053413	SRR12053415	SRR12053416	SRR12053417	SRR12053419	SRR12053421	SRR12053422	SRR12053423	SRR12053424	SRR12053425	SRR12053426	SRR12053427	SRR12053428	SRR12053429	SRR12053430	SRR12053431	SRR12053432	SRR12053435	SRR12053436	SRR12053437	SRR12233573	SRR12233820	SRR12235348	SRR12244814	SRR12245258	SRR12245523	SRR12527928	SRR12527929	SRR12527930	SRR12527933	SRR12527934	SRR12527935	SRR12527936	SRR12527961	SRR12527963	SRR12527964	SRR13189057	SRR13189058	SRR13189059	SRR13189063	SRR13189066	SRR13189067	SRR13404631	SRR13404632	SRR13404633	SRR13404634	SRR13404635	SRR13404636	SRR13404640	SRR13404641	SRR13442815	SRR13442818	SRR13442819	SRR13442828	SRR13442829	SRR13442831	SRR13769013	SRR13769014	SRR13769015	SRR13769016	SRR13769017	SRR13769018	SRR13769019	SRR1380984	SRR14567209	SRR14567210	SRR14567211	SRR14567212	SRR14567213	SRR14567214	SRR14567217	SRR14567218	SRR14567219	SRR14567220	SRR14567221	SRR14567222	SRR1503088	SRR1503113	SRR15496106	SRR15496107	SRR15496108	SRR15496109	SRR15496114	SRR15496115	SRR17475010	SRR17475011	SRR17475012	SRR17475013	SRR17475014	SRR1790685	SRR1790686	SRR1790687	SRR18500042	SRR18500043	SRR18500044	SRR18500045	SRR18500050	SRR18500061	SRR18500072	SRR18500076	SRR18500077	SRR18500078	SRR18500079	SRR18500080	SRR18500081	SRR18500082	SRR18500083	SRR18500084	SRR18500085	SRR18500086	SRR18500087	SRR18500088	SRR18500089	SRR18500090	SRR18500091	SRR2001621	SRR2396653	SRR2895245	SRR2895246	SRR2895247	SRR2895248	SRR2895249	SRR2895250	SRR2895251	SRR2915407	SRR2954866	SRR3383868	SRR3383869	SRR3383871	SRR3948521	SRR3948528	SRR3948531	SRR3948533	SRR3948536	SRR3948537	SRR3948540	SRR3948542	SRR3948544	SRR3948548	SRR3948550	SRR3948554	SRR3948556	SRR3948560	SRR3948563	SRR3948564	SRR3948566	SRR3948568	SRR3948570	SRR3948572	SRR3948575	SRR3948577	SRR5109820	SRR5109826	SRR5109829	SRR5109831	SRR5109832	SRR5109833	SRR5117442	SRR5117444	SRR5117446	SRR5117447	SRR5117448	SRR5117450	SRR5387735	SRR5387737	SRR5387738	SRR6148364	SRR6148365	SRR6148366	SRR6148367	SRR6148368	SRR6148369	SRR6148370	SRR6148371	SRR6148372	SRR6148373	SRR6148374	SRR6148375	SRR6148376	SRR6148377	SRR6148378	SRR6148379	SRR8335251	SRR8335252	SRR8335253	SRR8335254	SRR8754036	SRR8754037	SRR8754038	SRR8754039	SRR8754040	SRR8754041	SRR8754042	SRR8754043	SRR8754044	SRR8867392	SRR8867393	SRR8867394	SRR8867395
Gilliamella	3414	2771	2422	868	0	0	0	2183	0	0	0	0	52	36	56	0	0	0	102	888	659	174	105	189	0	0	0	0	0	0	0	0	0	0	0	0	0	0	0	0	0	0	0	0	0	0	0	0	0	0	27	184	0	0	104	0	3459	21	132	0	0	0	0	15	86319	371084	276004	21086	0	572	0	43474	925	62520	0	20273	0	163143	2312	0	948	3572	0	506	94	1675	2244	1356	1708	713	690	108	114	43	179	258	1042	892	78	268	266	21	37	349	282	0	4175	3994	150	0	2648	2505	0	0	0	0	0	0	0	0	2794	51512	48966	9886	134969	16396	252288	32194	387610	40528	102736	561210	46109	36695	27659	117842	99175	165483	3257	19107	0	153648	15157	0	0	0	0	0	0	0	0	0	0	0	83	239	0	0	0	0	0	0	0	0	0	0	0	0	0	0	0	0	0	0	0	0	0	0	0	152886	237379	805419	1116985	624252	789071	37	0	362	574	0	853	2803	1340	914	0	0	1943	0	342	14166	1655	0	2496	0	152	0	1918	0	202	0	0	0	0	0	2309	910	7873	2246	4656	564	4523	7230	3161	957	12013	1605	16796
Snodgrassella	2577	1665	3365	807	0	0	0	1785	0	0	0	0	2219	662	2093	0	41	109	581	190	237	189	69	197	0	0	0	0	0	0	0	0	0	0	0	0	0	0	0	0	0	0	0	0	0	0	0	0	0	0	32	108	0	0	0	4	0	0	266	0	0	0	0	14	201964	386542	144489	6591	841	1374	0	11279	292	10370	0	3188	0	13597	339	0	0	3704	0	746	189	2583	4111	744	1219	2027	1712	0	21	49	133	0	59	71	32	569	110	0	0	322	0	0	2787	3067	499	578	1757	1697	0	0	0	0	0	0	1616	0	2736	40487	16754	6169	34145	1534	36032	4310	51377	6603	15010	179369	5435	3499	10367	30914	25804	15526	681	6134	0	44097	3558	0	0	0	0	0	0	0	0	0	0	0	74	354	0	0	0	0	0	0	0	0	0	0	0	0	0	0	0	0	0	0	0	0	0	0	0	55275	54818	86959	403365	288624	205972	153	0	4468	61	0	120	389	811	448	0	0	2491	0	447	5808	2093	0	2222	0	193	0	4639	0	480	0	0	0	0	0	303	463	933	0	191	458	348	485	193	0	2425	78	1578
Bombilactobacillus	0	233	592	62	0	0	0	0	2106	0	0	0	0	0	23	0	0	0	924	2795	706	315	596	203	0	0	0	0	0	0	0	0	0	0	0	0	0	0	0	0	0	0	0	0	0	0	0	0	0	0	0	0	0	0	0	0	0	0	0	0	0	0	0	0	691	2481	45180	1128	0	0	0	318	116	553	0	349	0	364	0	0	2152	4475	0	0	35	0	0	151	554	299	844	0	0	0	0	0	0	0	0	0	0	0	0	22	27	0	357	556	273	497	145	167	0	0	0	0	0	0	0	0	926	73987	9399	6051	79688	2173	26435	52058	105676	17054	53341	566562	29358	15903	9325	92720	88309	34186	1468	2328	0	85483	4964	0	0	0	0	0	0	0	0	0	0	0	0	0	0	0	0	0	0	0	0	0	0	0	0	0	0	0	0	0	0	0	0	0	0	0	0	1550	14620	33595	12000	38801	22923	66	0	0	0	0	0	1382	1061	256	0	0	0	0	0	0	24	0	0	0	257	0	0	0	0	0	0	0	0	0	600	189	1753	0	161	0	326	1198	0	0	870	0	2394
Acinetobacter	0	224	553	428	1487	0	0	0	0	0	0	0	0	0	0	0	0	0	1790	1545	4071	2122	3047	27525	0	0	0	0	0	0	0	0	0	0	0	0	0	0	0	0	0	0	0	0	52744	0	0	0	0	0	0	0	0	36	283	0	0	0	24	0	0	79	0	155	0	0	0	0	0	0	0	0	0	0	0	0	0	0	0	241	0	0	0	0	262	0	0	104	232	135	153	0	0	0	0	0	49	0	0	99	62	0	28	31	70	0	0	0	0	0	0	0	0	0	0	0	0	0	0	0	0	0	0	0	0	0	0	0	12118	0	0	0	0	0	0	0	0	0	0	0	0	0	0	0	55	0	17	81	0	0	0	14	0	0	0	0	0	0	0	0	0	0	0	0	0	29	0	0	0	0	0	0	0	0	0	0	0	0	0	18199	185	0	0	0	0	0	0	0	0	0	0	0	0	0	0	0	20	0	38	0	107	0	27	0	19	0	49	0	0	0	0	0	0	0	0	0	0	0	0	0	0	0	0	0	0	0	0
Escherichia	0	224	447	274	687	0	0	16	274806	118737	31554	233250	39919	34706	72134	0	49469	91637	1112	0	0	1260	5497	1307	0	0	0	0	0	0	0	0	0	0	0	0	0	0	0	0	0	0	0	0	0	0	0	0	4190	26205	28694	7283	6237	2733	621	39	0	140835	87797	0	92525	170847	0	0	208	0	0	0	0	0	186	755	0	126	0	115	105	0	208	661	0	575	0	0	83	100	0	0	0	58	35	0	0	0	0	0	0	0	0	0	0	0	0	0	0	0	0	0	0	0	0	0	0	0	0	0	68460	0	0	0	3528	294	404	0	1871	0	3884	0	299	0	0	1037	459	0	0	527	0	1857	0	0	0	0	0	0	0	4145	314	343	398	510	313	383	0	0	0	0	0	0	0	0	0	0	0	0	0	0	0	0	0	0	0	0	0	0	0	0	0	0	0	32511	262	4675	715103	0	253878	21589	0	5510603	0	7979	0	5362	4483	4287	179838	45470	160577	110446	161972	160577	276035	198518	240562	46749	150682	183635	228396	128737	94759	216349	0	0	0	0	0	0	0	0	0	0	0	0	0	0	0	0	0
Pantoea	0	14	51	29	0	0	0	0	262	0	0	0	0	0	0	0	0	0	0	50	53	63	0	1048	0	0	0	0	0	0	0	0	0	0	0	0	0	0	0	0	0	0	0	0	0	0	0	0	0	0	25	0	0	0	0	0	0	11	0	0	0	0	0	43	0	0	0	0	0	0	0	626	0	654	0	643	39	0	0	0	0	0	0	0	0	0	18	0	15	0	0	0	0	0	0	0	0	0	0	0	0	0	0	0	0	0	0	0	0	0	0	0	0	0	0	0	0	0	0	0	0	0	0	0	0	0	0	0	0	0	0	86240	0	0	0	0	0	0	0	0	0	0	0	0	0	0	7	0	0	0	0	0	0	0	0	0	0	0	0	0	0	109	0	0	0	0	0	0	0	0	0	0	0	0	0	0	0	0	0	0	21842	149	0	14805	0	0	0	179	0	0	0	332	286	413	0	0	7	0	0	0	0	0	0	0	0	0	0	0	0	14	0	0	0	0	0	0	0	0	0	0	0	0	0	0	0	0	0
Lactobacillus: Firm-5	0	541	40	19	0	0	0	0	170557	195254	173111	299198	868	309	427	0	131	289	768	1260	399	224	123	294	0	0	0	0	0	0	0	0	0	0	0	0	0	0	0	0	0	0	0	0	0	0	0	0	0	0	0	0	0	0	0	10	0	11	270	0	135	0	0	0	18903	229402	143304	2952	0	213	0	3876	0	8057	0	2238	0	2438	6353	176	1329	13053	874	661	219	547	4623	119	134	561	1119	0	0	0	0	39	0	0	0	0	206	0	48	820	4595	0	1579	984	833	505	1495	1543	0	0	0	0	0	1084	730	0	1555	338708	47981	32600	111412	10383	154282	49551	71795	10071	29342	683712	32266	20119	22413	122104	67693	61782	3766	13546	18195	250503	4294	0	0	0	0	0	0	0	0	0	0	0	0	7	0	0	0	0	0	0	0	0	0	0	0	0	0	0	0	0	0	0	0	0	0	0	0	4073	21545	101522	9825	61114	69205	0	0	0	0	0	0	10585	8421	5013	0	0	62	0	0	48	12	0	105	0	0	0	0	0	0	0	0	0	0	0	603	751	3295	500	2019	280	3063	1226	179	104	1706	188	4482
Bifidobacterium	0	0	0	33	0	0	0	21	0	0	0	0	1412	232	624	22	837	908	234	80	69	55	118	50	0	0	0	0	0	0	0	0	0	0	0	0	0	0	0	0	0	0	0	0	0	0	0	0	0	0	0	21	0	0	0	0	0	189	38	0	0	0	0	8	1374	9667	3859	764	0	0	0	654	111	2534	0	651	0	2036	605	167	1877	5944	0	220	602	311	127	102	111	978	435	0	0	0	0	0	0	22	0	0	13	0	0	27	62	0	104	0	0	0	0	0	0	0	0	0	0	0	0	0	1330	90285	6943	16209	57577	14581	93670	18034	84570	20970	10024	81969	16376	12090	19542	36326	42052	34595	2409	6688	0	74081	6275	0	0	0	0	0	0	0	0	0	0	0	0	0	0	0	0	0	0	0	0	0	0	0	0	0	0	0	0	0	0	0	0	0	0	0	0	3988	12081	27446	36564	59586	31538	0	0	0	0	0	0	0	0	0	0	0	0	66	42	30	12	19	55	0	0	0	0	0	0	0	0	0	0	0	450	352	1058	0	1045	169	1079	5169	0	0	198	0	0
Arthrobacter	0	0	0	86	0	0	47	0	0	0	0	0	0	0	0	0	0	0	93	50	40	46	47	51	0	0	0	0	0	0	0	0	0	0	0	0	0	0	0	0	0	0	0	0	0	0	0	0	0	0	0	0	0	0	0	0	0	0	0	0	0	0	0	0	0	0	0	0	0	0	0	0	0	0	424	0	730	0	0	0	0	0	0	0	0	0	0	0	0	0	0	0	0	0	0	0	0	0	0	0	0	0	0	0	0	0	0	0	0	0	0	0	984	1092	14462	5709	1295	0	0	0	0	0	0	0	0	0	0	0	0	0	0	0	0	0	0	0	0	0	0	0	0	0	0	0	0	0	0	0	0	0	0	0	0	0	0	0	0	0	0	0	0	0	0	0	0	0	0	0	0	0	0	0	0	0	0	0	0	0	0	0	0	0	0	0	0	0	0	0	0	0	0	0	0	0	0	0	0	0	0	0	0	0	0	0	0	0	0	0	0	0	0	0	0	0	0	0	0	0	0	0	0	0	0	0	0	0	0
Aeromonas	0	0	0	37	0	0	0	0	593	1041	275	848	0	0	0	0	0	0	167	117	112	2993	243	6371	0	0	0	0	0	0	0	0	0	0	0	0	0	0	0	0	0	0	0	0	0	0	0	0	0	0	0	0	0	0	131	63	0	18329	13691	0	10791	20730	46	71	0	0	0	0	0	0	0	0	0	0	0	0	41	0	0	0	0	0	0	0	0	0	0	0	0	0	0	0	0	0	0	0	0	0	0	0	0	0	0	0	0	0	0	0	0	0	0	0	0	0	0	0	0	0	0	0	0	0	0	0	0	0	0	0	0	0	0	0	0	0	0	0	0	0	0	0	0	0	0	0	0	0	0	0	0	0	0	0	0	0	0	0	0	0	0	0	0	0	0	0	0	0	0	0	0	0	0	0	0	0	0	0	0	0	0	0	0	0	0	0	0	0	0	0	0	0	0	0	0	0	0	0	0	0	30	0	0	0	0	0	0	0	0	0	0	0	0	0	0	0	0	0	0	0	0	0	0	0	0	0	0	0	0
Neisseria	0	0	0	15	22	0	0	31	0	0	0	0	0	2332	16	0	23	29	142	984	254	264	471	349	0	0	0	0	0	0	0	0	0	0	0	0	0	0	0	0	0	0	0	0	0	0	0	0	0	70	77	38	0	32	0	0	0	0	0	0	0	80	0	0	0	284	0	0	0	0	0	108	0	151	0	0	0	144	0	0	0	0	0	0	0	141	145	73	63	89	86	0	0	0	0	0	19	0	0	64	23	0	0	32	0	0	139	0	0	0	0	0	0	0	0	0	0	0	0	0	0	0	0	0	0	0	0	0	0	0	0	0	0	0	0	0	0	0	0	0	0	0	0	0	0	0	0	0	0	0	0	0	0	0	19	6	0	0	0	0	0	0	0	0	0	22	25	0	0	58	0	0	0	0	0	0	0	0	31	159	162	780	746	2508	637	0	0	1430	0	0	0	0	0	0	0	0	17	0	52	21	30	0	51	0	28	211	0	0	24	0	0	0	0	0	0	0	0	0	0	0	0	0	0	0	0	0	0
Agrobacterium	0	0	0	14	0	0	0	0	0	0	0	0	0	0	0	0	0	0	2530	3112	2580	3695	3902	3361	0	0	0	0	0	0	0	0	0	0	0	0	0	0	0	0	0	0	0	0	0	0	0	0	0	0	0	0	0	0	65	12	0	0	24	150	0	31	0	25	0	0	0	0	0	0	0	0	0	0	133	0	0	0	0	0	0	0	0	0	0	0	0	0	0	0	0	0	0	0	0	0	0	0	0	0	0	0	0	0	0	0	0	0	0	0	0	0	0	0	0	0	0	0	0	0	0	0	0	0	0	0	0	0	0	0	0	0	0	0	0	0	0	0	0	0	0	0	0	0	12	0	18	15	9	0	0	15	0	0	0	0	0	0	0	0	0	0	0	0	0	0	0	0	0	0	0	0	0	0	0	0	0	0	0	0	0	0	0	0	0	0	0	990	0	0	0	0	0	0	0	0	0	0	0	0	0	0	0	0	0	0	0	0	0	0	0	0	0	0	0	0	0	0	0	0	0	0	0	0	0	0	0
Paraburkholderia	0	0	0	0	55	107	48	0	0	0	0	0	0	0	0	0	0	0	0	0	0	0	0	0	0	0	0	0	0	0	0	0	0	0	0	0	0	0	0	0	0	0	0	0	0	0	0	0	0	0	0	0	0	0	0	0	0	10	0	0	0	19	0	0	0	0	0	0	0	0	0	0	0	0	0	0	0	0	0	0	0	0	0	0	0	0	0	0	0	0	0	0	0	0	0	0	0	0	0	0	0	0	0	0	0	0	0	0	0	0	0	0	0	0	0	0	0	0	0	0	3386	3596	0	1003	23913	1598	14139	4803	3771	2567	738	0	0	1719	2099	3563	5034	12197	0	3387	0	1721	1651	23	8	0	0	0	0	0	0	0	0	0	0	0	0	0	0	0	0	0	0	0	0	0	0	0	0	0	0	0	0	0	0	0	0	0	0	0	0	0	0	0	0	0	0	0	0	0	0	0	0	0	0	0	0	0	0	0	0	0	0	0	0	0	0	0	0	0	0	0	0	0	0	0	0	0	0	0	0	0	0	0	0	0	0
Clostridium	0	0	0	0	87	0	0	0	0	0	0	0	0	0	0	0	0	0	57	53	49	37	38	69	0	0	0	0	0	0	0	0	0	0	0	0	0	0	0	0	0	0	0	0	0	0	0	0	0	0	0	0	0	0	0	0	0	0	0	0	0	0	0	0	0	0	0	0	0	0	0	0	0	0	0	0	250	0	0	0	0	0	0	0	0	0	0	148	97	102	0	0	0	0	0	0	0	27	0	0	0	0	0	0	0	0	0	0	0	0	0	0	0	0	0	0	0	0	0	0	0	329	0	0	0	0	0	0	0	0	0	0	0	0	0	0	0	0	0	0	0	0	0	0	0	0	0	0	0	0	0	0	0	0	0	0	0	0	0	0	0	0	0	0	0	0	0	0	0	0	0	0	0	0	0	0	0	0	0	0	0	0	0	0	0	0	0	0	0	0	0	0	0	0	0	26	0	0	0	25	0	0	17	0	0	0	18	0	0	0	0	0	0	0	0	0	0	0	0	0	0	0	0	0	0	0	0
Ralstonia	0	0	0	0	235	0	0	1487	0	0	0	0	0	0	0	0	0	0	0	0	0	0	0	0	0	0	0	0	0	0	0	0	0	0	0	0	0	0	0	0	0	0	0	0	0	0	0	0	0	0	0	0	0	0	0	0	0	154	0	0	109	0	0	0	0	0	0	0	0	0	0	0	0	0	0	0	0	0	0	0	0	0	0	0	0	0	0	0	0	0	0	0	0	259	472	291	1398	837	490	3013	1131	0	687	763	0	0	0	0	0	0	0	0	0	0	0	0	0	0	0	0	0	0	0	0	0	0	0	0	0	0	0	0	0	0	0	0	0	0	0	0	0	0	0	0	0	0	0	0	0	0	0	0	0	0	0	0	0	0	2032	2783	1464	0	1806	1996	2354	2468	0	2693	1910	2209	1867	2516	5489	1901	1856	1680	3606	2199	2017	0	0	0	0	0	0	0	0	0	0	0	0	0	0	0	0	0	0	0	0	0	0	0	0	0	0	0	0	0	0	0	0	0	0	0	0	0	0	0	0	0	0	0	0	0	0	0	0
Staphylococcus	0	0	0	0	0	138	0	0	179	0	0	0	1116	319	801	88	2451	3016	6054	5377	2974	6257	5749	8065	0	0	0	0	0	0	0	0	0	0	0	0	0	0	0	0	0	0	0	0	0	0	0	0	0	0	0	0	0	0	0	0	0	0	0	0	22	79	0	0	0	0	0	0	0	0	0	0	0	482	0	0	0	0	0	0	0	0	0	0	0	0	0	0	0	0	0	1553	0	0	0	0	0	0	0	114	0	0	0	0	0	268	0	0	0	0	0	0	0	0	0	0	0	0	0	0	651	27148	0	0	0	0	1691	0	666	0	0	5952	0	0	0	3598	0	1243	0	1276	0	0	0	0	11	0	72	0	0	0	0	0	7316	5945	0	0	0	0	0	0	0	0	0	0	0	0	0	0	0	0	0	0	0	0	0	0	0	0	0	0	0	0	0	0	0	0	360	0	0	0	0	0	0	0	0	0	0	0	0	0	0	0	36	0	0	0	113	0	0	0	0	0	0	0	0	0	0	0	0	0	0	0	0	0	0	0	0
Chryseobacterium	0	0	0	0	0	0	307	0	0	0	0	0	0	0	0	0	0	0	0	0	0	332	280	294	0	0	0	0	0	0	0	0	0	0	0	0	0	0	0	0	0	0	0	0	0	0	0	0	0	0	0	0	0	0	0	35	0	0	0	0	0	0	0	0	0	0	0	0	0	0	0	0	0	0	0	0	0	0	0	0	0	0	0	0	0	0	0	0	0	0	0	0	13001	21665	35882	20195	77573	53754	18289	161630	74983	14691	37537	39933	0	0	0	0	0	0	0	0	3509	2534	3390	26605	3893	0	0	0	0	0	0	0	0	0	0	0	0	0	0	0	0	0	0	0	0	0	0	0	0	0	0	0	0	0	0	0	0	0	0	0	0	0	0	0	0	0	0	0	0	0	0	0	0	0	0	0	0	0	0	0	0	0	0	0	0	0	0	0	0	0	0	0	0	0	0	0	0	0	0	0	0	0	0	0	0	0	0	0	0	0	0	0	0	0	0	0	281	0	0	0	0	0	0	0	0	0	0	0	0	0	0	0	0	0	0
Lactobacillus	0	0	0	0	0	0	0	120	0	0	0	0	0	0	0	0	0	0	0	0	0	0	0	0	0	0	0	0	0	0	0	0	0	0	0	0	0	0	0	0	0	0	0	0	0	0	0	0	0	0	0	0	0	0	0	0	0	0	0	32	0	0	0	0	0	0	0	0	0	0	0	0	0	0	0	0	0	0	0	0	0	0	0	0	0	0	0	0	0	0	0	0	0	0	0	0	0	0	0	24	0	0	0	0	0	261	0	0	0	0	0	0	0	0	0	0	0	0	0	0	0	0	0	0	0	0	0	0	0	0	0	0	0	0	0	0	0	0	0	0	0	0	0	0	7	0	0	0	0	0	0	0	0	0	0	0	0	27	39	0	50	0	238	22	152	0	0	0	0	0	0	46	0	0	47	46	40	0	0	0	0	0	0	0	0	0	0	0	0	0	0	0	0	0	0	0	0	0	0	0	0	50	0	0	0	25	0	0	0	0	0	0	0	0	0	0	0	0	0	0	0	0	0	0	0	0	0
Hathewaya	0	0	0	0	0	0	0	42	0	0	0	0	0	0	0	0	0	0	679	733	1292	2668	1013	562	0	0	0	0	0	0	0	0	0	0	0	0	0	0	0	0	0	0	0	0	0	0	0	0	0	0	0	0	0	0	0	0	0	0	0	0	0	0	0	0	0	0	0	0	0	0	0	0	0	0	0	0	0	0	0	0	0	0	0	0	0	0	0	0	0	0	0	0	28	26	59	36	239	91	57	422	132	38	102	69	0	0	0	0	0	0	0	0	0	0	0	0	0	0	0	0	0	0	0	0	0	0	0	0	0	0	0	0	0	0	0	0	0	0	0	0	0	0	0	0	0	0	8	0	0	0	0	0	0	0	0	0	0	0	0	0	0	0	0	0	0	0	0	0	0	0	0	0	0	0	0	0	0	0	0	0	0	0	0	0	0	0	0	0	0	0	0	0	0	0	0	0	0	0	0	0	0	0	0	0	0	0	0	0	0	0	0	0	0	0	0	0	0	0	0	0	0	0	0	0	0	0	0
Frischella	0	0	0	0	0	0	0	13	0	0	21996	0	21	46	0	0	0	0	0	50	32	0	0	0	0	0	0	0	0	0	0	0	0	0	0	0	0	0	0	0	0	0	0	0	0	0	0	0	0	0	0	0	0	0	0	0	0	57	0	0	0	0	0	0	70757	275337	5537	431	1454	1146	0	4715	1465	45123	0	12930	0	24804	6576	0	3697	21494	1031	0	0	53	72	68	80	110	60	0	0	0	25	0	51	63	0	34	26	0	0	36	0	0	341	174	1480	1690	289	444	0	0	0	0	0	0	0	0	339	354	0	298	4012	0	9343	1986	39317	4765	36152	114288	0	7953	0	20685	16362	3540	0	2998	0	15691	2194	0	0	0	0	0	0	0	0	0	0	0	38	14	0	0	0	0	0	0	0	0	0	0	0	0	0	0	0	0	0	0	0	0	0	0	0	25737	101633	22691	412573	213307	523483	0	0	264	0	0	0	0	0	0	0	0	36	0	112	81	75	0	65	0	21	0	43	0	25	0	0	0	0	0	234	445	1016	0	0	0	219	0	0	645	1048	83	1729
Streptococcus	0	0	0	0	0	0	0	252	0	0	0	0	30	0	63	0	48	111	3429	2621	2610	3358	3797	21420	0	0	0	0	0	0	0	0	0	0	0	0	0	0	0	0	0	0	0	0	0	0	0	0	0	50	34	0	0	0	0	0	0	0	0	0	8	984	0	0	0	0	0	0	0	0	0	0	0	0	58	0	0	0	0	28	0	0	0	0	0	0	0	0	0	0	0	0	0	0	85	0	120	45	0	118	129	0	0	29	0	0	0	0	0	0	0	0	0	0	0	0	0	0	0	0	0	451	0	0	1440	0	368	0	0	0	0	371	0	0	0	337	0	0	0	3285	0	0	0	0	15	0	11	0	92	0	0	0	0	0	0	0	0	71	186	67	0	210	0	78	0	245	205	42	95	924	0	91	0	0	245	0	160	44	571	0	0	0	0	3029	0	0	0	2246	0	0	75	0	0	0	0	0	7	0	0	0	13	0	0	0	0	0	0	0	0	26	0	0	0	0	0	0	0	0	0	0	0	0	0	0	0	0	0
Hymenobacter	0	0	0	0	0	0	0	74	0	0	0	0	0	0	0	0	0	0	128	240	137	151	138	247	0	0	0	0	0	0	0	0	0	0	0	0	0	0	0	0	0	0	0	0	306	0	0	0	0	0	0	0	0	0	19	0	0	0	0	0	0	0	0	0	0	0	0	0	0	0	0	0	0	0	0	0	0	0	0	0	0	0	0	0	0	0	0	0	0	0	0	0	0	0	0	0	0	0	0	0	0	0	58	0	0	0	0	0	0	0	0	0	0	0	0	0	0	0	0	0	0	483	0	0	0	0	0	0	0	0	0	0	0	0	0	0	0	0	0	0	0	0	0	0	0	0	0	0	0	0	0	0	0	0	0	0	0	0	0	49	0	0	0	0	0	0	0	0	0	0	0	0	0	0	0	0	0	0	0	0	0	0	0	0	0	0	0	0	0	0	0	0	0	0	0	0	19	0	0	0	0	0	0	0	0	0	0	0	0	0	0	0	0	0	0	0	0	0	0	0	0	0	0	0	0	0	0
Rothia	0	0	0	0	0	0	0	72	0	0	0	0	0	0	0	0	0	0	275	392	446	644	733	820	0	0	0	0	0	0	0	0	0	0	0	0	0	0	0	0	0	0	0	0	0	0	0	0	0	0	0	0	0	0	0	0	0	20	0	0	88	280	0	0	0	0	0	0	0	0	0	0	0	0	0	0	203	0	0	0	0	0	0	0	0	0	0	0	0	0	0	0	0	0	0	0	29	21	0	0	15	0	0	0	0	0	0	0	0	0	0	0	0	0	0	0	0	0	0	0	0	0	0	0	0	0	0	0	0	0	0	0	0	0	0	0	0	0	0	2133	0	0	0	0	0	0	0	0	0	0	0	0	0	0	0	0	0	0	0	0	0	0	0	0	0	0	0	0	0	381	0	0	0	0	53	0	0	0	56	0	0	0	0	0	0	0	0	1350	0	0	0	0	0	0	0	0	0	0	0	0	0	0	0	0	0	0	0	0	0	0	0	0	0	0	0	0	0	0	0	0	0	0	0	0	0	0	0
Veillonella	0	0	0	0	0	0	0	20	0	0	0	0	0	0	22	0	0	51	194	227	335	448	1102	2859	0	0	0	0	0	0	0	0	0	0	0	0	0	0	0	0	0	0	0	0	0	0	0	0	22	0	0	0	0	0	0	0	0	0	0	0	0	103	0	0	0	0	0	0	0	0	0	0	0	0	0	0	0	0	0	0	0	0	0	0	0	0	0	0	0	0	0	0	0	0	0	0	0	0	0	0	0	0	0	0	0	0	0	0	0	0	0	0	0	0	0	0	0	0	0	0	0	0	0	0	0	0	0	0	0	0	0	0	0	0	0	0	0	0	0	0	0	0	0	0	0	0	0	0	0	0	0	0	0	0	0	0	0	0	29	0	0	0	0	0	0	0	0	0	26	111	0	0	0	0	0	0	0	0	46	0	0	0	0	0	0	0	0	232	0	0	0	0	0	0	0	0	0	0	0	0	0	0	0	0	0	0	0	0	0	0	0	0	0	0	0	0	0	0	0	0	0	0	0	0	0	0	0
Haemophilus	0	0	0	0	0	0	0	15	0	0	0	0	0	0	0	0	0	0	125	242	244	268	602	476	0	0	0	0	0	0	0	0	0	0	0	0	0	0	0	0	0	0	0	0	0	0	0	0	0	0	0	0	0	0	0	0	0	0	0	0	0	227	0	0	0	0	0	0	0	0	0	0	0	0	0	0	0	0	0	0	0	0	0	0	0	0	0	30	19	43	0	36	0	0	0	21	0	23	0	23	14	0	0	0	0	0	0	0	0	0	0	0	0	0	0	0	0	0	0	0	0	0	0	0	0	0	0	0	0	0	0	0	0	0	0	0	0	0	0	5227	0	0	0	0	0	0	0	0	0	0	0	0	0	0	0	0	0	0	0	0	0	42	0	0	0	31	0	0	0	556	0	0	0	0	0	0	0	0	70	0	0	0	199	0	0	0	0	209	0	0	0	0	0	0	0	0	0	0	0	0	0	0	0	0	0	0	0	0	0	0	0	0	0	0	0	0	0	0	0	0	0	0	0	0	0	0	0
Gordonia	0	0	0	0	0	0	0	18	0	0	0	0	0	0	0	0	0	0	113	92	153	296	182	84	0	0	0	0	0	0	0	0	0	0	0	0	0	0	0	0	0	0	0	0	0	0	0	0	0	0	0	0	0	0	0	0	0	0	0	24	0	0	0	0	0	0	0	0	0	0	0	0	0	0	0	0	0	0	0	0	0	0	0	0	0	0	0	0	0	0	0	0	0	0	0	0	0	0	0	0	21	0	0	0	0	0	0	0	0	0	0	0	0	0	0	0	0	0	0	0	0	0	0	0	0	0	0	0	0	0	0	0	0	0	0	0	0	0	0	0	0	0	0	0	27	0	0	0	0	0	0	0	0	0	0	0	0	0	0	41	0	0	0	0	0	0	0	0	0	0	0	0	0	0	0	0	0	0	0	0	0	0	0	0	0	0	0	0	0	0	0	0	0	0	0	0	0	0	0	0	0	0	0	0	0	0	0	0	0	0	0	0	0	0	0	0	0	0	0	0	0	0	0	0	0	0	0
Cupriavidus	0	0	0	0	0	0	0	41	0	0	0	0	0	0	0	0	0	0	0	0	0	0	0	0	141	0	271	241	160	0	192	230	192	199	172	207	129	88	132	169	117	123	224	167	366	132	225	113	0	0	0	0	0	0	0	0	0	33	0	0	0	0	0	0	0	0	0	0	0	0	0	0	0	0	0	0	0	0	0	0	0	0	0	0	0	0	0	0	0	0	0	0	0	0	0	0	0	0	0	0	31	0	0	0	0	0	0	0	0	0	0	0	0	0	0	0	0	0	0	0	0	0	0	0	0	0	430	0	0	0	0	0	0	0	0	0	0	0	0	0	0	0	0	0	0	0	0	0	0	0	0	0	0	0	0	0	0	0	0	0	0	0	0	0	0	29	0	0	0	30	0	0	68	30	0	0	63	30	22	0	0	0	0	0	0	0	0	0	0	0	0	0	0	0	0	0	0	0	0	0	0	0	0	0	0	0	0	0	0	0	0	0	0	0	0	0	0	0	0	0	0	0	0	0	0	0	0
Actinomyces	0	0	0	0	0	0	0	15	0	0	0	0	0	0	0	0	0	42	671	540	630	1020	889	15869	0	0	0	0	0	0	0	0	0	0	0	0	0	0	0	0	0	0	0	0	0	0	0	0	0	86	0	0	0	0	0	0	0	0	0	0	0	18	0	0	0	0	0	0	0	0	0	0	0	0	0	0	0	0	0	0	0	0	0	0	0	0	0	0	0	0	0	0	0	0	0	0	60	39	0	78	51	0	0	35	0	0	0	0	0	0	0	0	0	0	0	0	0	0	0	0	0	0	0	0	0	0	0	0	0	0	0	0	0	0	0	0	0	0	0	0	0	0	0	0	0	0	0	0	0	0	0	0	0	0	0	0	0	0	0	0	0	0	0	0	0	0	0	0	20	444	0	0	0	0	0	0	0	0	38	0	0	0	0	0	0	0	0	287	0	0	0	0	0	0	0	0	0	0	0	0	0	0	0	0	0	0	0	0	0	0	0	0	0	0	0	0	0	0	0	0	0	0	0	0	0	0	0
Lactococcus	0	0	0	0	0	0	0	13	0	0	0	0	0	0	0	0	0	0	0	0	139	56	68	80	0	0	0	0	0	0	0	0	0	0	0	0	0	0	0	0	0	0	0	0	0	0	0	0	0	0	0	0	0	0	0	0	0	0	0	0	6	0	0	0	0	0	0	0	0	0	0	0	0	0	0	0	1355	0	0	0	0	0	0	0	25	0	0	36	53	66	146	0	0	0	0	22	0	0	0	0	0	0	0	0	0	0	0	0	0	0	0	0	0	0	0	0	0	0	0	0	0	0	0	0	0	0	0	0	0	0	0	0	0	0	0	0	0	0	0	0	0	0	0	0	0	0	0	0	0	0	0	0	0	0	0	4	0	0	0	0	0	0	0	0	0	0	0	0	0	0	0	0	0	0	0	0	52	35	45	0	0	0	0	0	0	0	0	0	0	0	0	0	0	0	0	0	0	0	0	0	19	0	0	0	0	0	0	0	0	0	0	0	0	0	0	0	0	0	0	0	0	0	0	0	0	0	151
Bacillus	0	0	0	0	0	0	0	0	322575	155538	30098	252298	0	0	0	0	0	0	217	97	239	176	186	182	0	0	0	0	0	0	0	0	0	0	0	0	0	0	0	0	0	0	0	0	256	0	0	0	0	0	0	0	0	0	0	0	0	16	0	0	11	15	0	0	0	0	0	0	0	0	0	0	0	0	0	0	0	0	0	0	0	0	0	0	0	0	0	0	220	0	73	0	0	0	0	0	0	0	0	0	0	0	0	0	0	0	0	0	0	0	0	0	0	0	0	0	0	0	0	3073	0	0	0	0	0	0	0	287	8858	0	0	0	0	0	0	0	0	0	0	0	0	0	0	0	0	0	0	0	0	0	0	0	0	0	0	0	0	0	0	0	0	0	0	0	0	0	0	0	0	0	0	0	0	0	0	0	0	0	0	0	0	0	0	276	0	0	0	0	0	0	0	0	0	0	0	0	0	678	0	0	0	0	184	0	0	0	0	0	0	0	0	0	0	0	0	0	0	0	0	0	0	0	0	0	0	0	0
Parasaccharibacter	0	0	0	0	0	0	0	0	1384	2589	0	2604	0	0	0	0	0	0	0	0	0	0	0	0	0	52	0	0	0	0	0	0	0	0	0	0	0	0	0	0	0	0	0	0	334	0	0	0	0	0	0	0	0	0	0	0	0	0	0	0	0	0	0	0	45021	0	0	0	0	306	0	971	0	0	0	0	0	0	0	151	0	0	0	0	0	0	0	0	0	19	0	0	0	0	0	0	0	0	0	0	0	0	0	0	0	0	0	0	0	0	0	0	0	0	0	0	0	0	0	0	0	9137	0	0	0	0	0	0	0	0	0	0	0	0	0	0	0	0	0	0	0	2994	0	0	0	0	0	0	0	0	0	0	0	0	0	4	0	0	0	0	0	248	142	0	335	713	0	0	0	0	68	0	0	0	0	0	469	0	0	2767	0	0	0	0	0	0	0	0	0	0	0	0	0	0	0	0	56	0	0	0	0	0	0	0	0	0	330	0	0	0	0	0	0	0	0	0	0	0	0	0	0	0	0	0	0	0	0
Bombella	0	0	0	0	0	0	0	0	1107	1858	191	1794	39	0	26	0	0	0	0	0	0	0	0	0	0	0	0	0	0	0	0	0	0	0	0	0	0	0	0	0	0	0	0	0	46	0	0	0	0	0	0	0	0	0	0	0	0	0	0	0	0	0	0	0	36395	129980	0	0	0	0	0	167	0	994	0	885	0	81	0	181	0	0	0	0	0	0	0	0	0	0	0	0	0	0	0	0	0	0	0	0	0	0	0	0	0	0	0	0	0	0	0	180	0	0	0	0	0	0	0	0	0	0	0	0	0	0	0	0	0	0	0	0	0	0	0	0	0	0	0	0	0	226	0	0	0	0	0	0	0	0	0	0	0	0	0	20	0	16	0	0	236	0	439	0	551	1631	0	0	0	170	62	0	0	34	200	443	241	198	0	317	0	104	392	342	386	0	0	0	0	0	0	0	0	0	0	0	17	0	0	0	0	0	14	0	0	0	36	0	0	0	0	0	0	0	0	0	0	0	0	0	0	0	0	0	0	0	0
Serratia	0	0	0	0	0	0	0	0	372	621	739	1364	0	0	0	0	0	0	0	0	0	33	0	0	0	0	0	0	0	26	0	29	0	27	0	0	0	0	40	0	0	0	0	0	30	0	0	0	0	0	0	0	0	0	37	8	0	9	14	22	0	15	16	17	0	0	263	0	0	0	82	0	0	0	0	0	0	0	0	202	702	0	0	0	25	0	0	0	0	482	1005	0	0	0	0	0	0	0	0	0	0	0	0	0	0	24	0	0	0	0	0	0	0	0	0	0	0	0	604	2558	185	388	0	0	2338	0	1256	462	0	0	0	0	0	294	0	600	992	1415	0	421	0	0	0	0	0	0	0	0	0	0	0	0	0	0	0	0	0	0	0	0	0	0	0	0	0	0	0	0	0	0	0	0	0	0	0	0	0	0	0	84	0	0	0	735	0	0	0	0	0	0	0	0	0	0	0	0	5	0	0	14	0	0	0	0	0	0	14	0	0	0	0	0	0	0	0	0	0	435	0	0	0	0	0	0	0	0	0
Klebsiella	0	0	0	0	0	0	0	0	1356	0	2771	2273	85	0	28	0	0	50	166	0	0	196	203	337	0	0	0	0	0	0	0	0	0	0	0	0	0	0	0	0	0	0	0	0	0	0	0	0	0	0	0	0	0	0	67	53	0	390	192	0	214	417	36	60	3376	101543	0	0	0	0	0	0	0	0	0	0	0	0	0	54	0	0	0	0	1450	0	0	46	0	15	0	0	0	0	0	0	0	0	0	0	0	0	0	0	0	0	0	0	0	0	0	0	0	0	0	0	0	0	0	0	0	0	0	0	0	0	0	0	0	0	0	0	0	0	0	0	0	0	0	0	0	0	0	0	0	0	0	0	0	0	0	0	0	0	0	0	0	0	0	0	0	0	0	0	0	0	0	0	0	0	0	0	0	0	0	0	0	0	0	900	0	0	1305	2742	203	0	0	22525	0	0	0	0	0	0	0	0	44	0	28	33	72	33	28	0	0	27	86	24	0	22	0	0	0	0	0	0	0	0	0	0	0	0	0	0	0	0	0
Citrobacter	0	0	0	0	0	0	0	0	0	420	0	975	115	0	368	0	0	0	0	0	0	0	0	0	0	0	0	0	0	0	0	0	0	0	0	0	0	0	0	0	0	0	0	0	0	0	0	0	0	0	0	0	0	0	156	52	0	79	72	0	77	150	27	101	0	0	0	0	0	0	0	0	0	131	0	0	0	0	0	0	0	0	0	0	0	0	0	0	0	0	0	0	0	0	0	0	0	0	0	0	0	0	0	0	0	0	0	0	0	0	0	0	0	0	0	0	0	0	0	0	0	0	0	0	0	0	0	0	0	0	0	0	0	0	0	0	0	0	0	0	0	0	0	0	0	0	0	0	0	0	0	0	0	0	0	0	0	0	0	0	0	0	0	0	0	0	0	0	0	0	0	0	0	0	0	0	0	0	0	343	0	3059	6409	42029	0	0	0	291	0	0	0	0	0	0	0	0	0	0	0	0	0	0	0	0	0	0	0	0	0	0	0	0	0	0	0	0	0	0	0	0	0	0	0	0	0	0	0
Apibacter	0	0	0	0	0	0	0	0	0	0	51781	0	0	0	0	0	0	0	0	0	0	0	0	0	0	0	0	0	0	0	0	0	0	0	0	0	0	0	0	0	0	0	0	0	0	0	0	0	0	0	0	0	0	0	0	0	484	0	0	0	0	0	0	0	0	0	0	0	0	0	0	0	0	288	0	147	0	317	0	0	0	0	0	0	164	64	64	1499	2297	1334	1807	0	447	84	172	304	3117	1078	268	0	195	70	0	0	0	0	0	0	0	0	0	0	0	0	0	0	0	0	0	0	0	0	0	0	0	0	0	304	689	0	0	0	0	0	0	0	0	0	0	0	0	1053	0	0	0	0	0	0	0	0	0	0	0	0	0	0	0	0	0	0	0	0	0	0	0	0	0	0	0	0	0	0	0	0	0	0	0	0	0	6038	10241	0	544	96490	0	0	0	0	0	0	0	0	0	0	0	0	0	0	142	0	83	0	0	0	138	0	0	0	0	0	0	0	0	0	0	0	0	0	0	0	0	0	0	0	278	0	0
Shigella	0	0	0	0	0	0	0	0	0	0	243	0	0	0	0	0	0	0	0	0	0	0	0	0	0	0	0	0	0	0	0	0	0	0	0	0	0	0	0	0	0	0	0	0	0	0	0	0	0	135	116	21	18	0	0	0	0	1521	659	0	1184	1049	0	0	0	0	0	0	0	0	0	0	0	0	0	0	0	0	0	0	0	0	0	0	0	0	0	0	0	0	0	0	0	0	0	0	0	0	0	0	0	0	0	0	0	0	0	0	0	0	0	0	0	0	0	0	0	0	0	0	0	0	0	0	0	0	0	0	0	0	0	0	0	0	0	0	0	0	0	0	0	0	0	0	0	0	0	0	0	0	0	0	0	0	0	0	0	0	0	0	0	0	0	0	0	0	0	0	0	0	0	0	0	0	0	0	0	0	0	0	0	0	8426	0	0	0	0	153	0	0	0	0	0	0	0	0	12	0	0	0	21	0	0	0	0	0	17	0	0	0	0	0	0	0	0	0	0	0	0	0	0	0	0	0	0	0	0
Salmonella	0	0	0	0	0	0	0	0	0	0	136	0	751	30	188	0	23	29	66	54	62	70	57	732	0	0	0	0	0	0	0	0	0	0	0	0	0	0	0	0	0	0	0	0	0	0	0	0	0	0	0	0	0	22	0	5	0	11	8	0	13	0	0	0	0	0	0	0	0	0	284	1852	0	213	0	135	0	0	0	39	0	0	0	0	0	18	0	26	0	17	0	0	0	0	0	0	0	0	0	0	0	0	0	0	0	0	0	0	0	0	0	0	0	0	0	0	0	0	0	0	0	0	0	0	0	0	615	0	0	0	0	0	0	0	0	0	0	0	0	0	0	0	0	0	0	0	0	0	0	0	0	0	13	16	0	0	0	0	0	0	0	0	0	0	0	0	0	0	0	0	0	0	0	0	0	0	0	0	0	147	337	127	6971	5003	414	0	0	580	0	0	0	0	0	0	136	196	88	143	127	37	104	63	147	51	119	132	403	283	136	153	0	0	0	0	0	0	0	0	0	0	0	0	0	0	0	0	0
Apilactobacillus	0	0	0	0	0	0	0	0	0	0	0	198	0	0	0	0	0	168	0	0	0	0	0	0	0	0	0	0	0	0	0	0	0	0	0	0	0	0	0	0	0	0	0	0	0	0	0	0	0	0	0	0	0	0	0	0	0	0	0	0	0	0	0	0	10966	40482	10451	623	0	1985	0	244	0	1119	0	357	0	613	0	0	0	0	0	0	0	0	0	0	0	16	43	0	0	0	55	0	0	0	0	0	0	0	0	0	0	56	211	169	425	217	223	221	0	0	0	0	0	0	0	0	0	0	0	0	0	0	0	0	0	0	392	0	0	0	0	0	2241	441	0	471	0	0	0	0	0	0	0	0	0	0	0	0	0	0	0	0	0	48	0	0	52	2015	504	66	295	220	0	35	0	59	0	31	30	0	76	106	39	109	0	930	1034	270	1113	17875	170	0	0	0	0	0	0	0	0	0	0	0	0	0	0	0	0	0	0	0	0	0	0	0	0	0	0	0	0	0	0	0	0	1067	209	0	0	0	0	0	0	0	201
Wolbachia	0	0	0	0	0	0	0	0	0	0	0	0	0	0	0	0	0	0	0	0	0	0	0	0	0	0	0	0	0	0	0	0	0	0	0	0	0	0	0	0	0	0	0	0	0	0	0	0	0	0	0	0	0	0	0	0	0	11	0	0	0	0	0	0	0	0	0	0	0	0	627	0	3383	3648	48450	0	11385	0	0	0	0	0	0	0	0	32	31	0	15	801	0	0	0	0	0	0	0	0	0	0	0	0	0	0	0	0	0	0	0	0	0	0	0	0	0	0	0	0	0	0	0	0	0	0	0	0	0	0	0	0	0	0	0	0	0	0	0	0	0	0	0	0	0	0	0	0	0	8	0	33	10	10	0	0	0	0	1008	0	0	0	0	0	0	0	0	0	0	0	0	0	0	0	0	0	0	0	0	0	0	119729	0	0	0	0	20297	0	0	0	0	0	0	0	0	0	40	1903	18	1955	0	0	0	41	0	2181	0	26	0	4079	0	0	2267	2449	2537	1851	0	0	0	0	0	0	0	0	0	0	0	0	0
Erwinia	0	0	0	0	0	0	0	0	0	0	0	0	0	0	0	0	0	0	0	0	0	0	0	136	0	0	0	0	0	0	0	0	0	0	0	0	0	0	0	0	0	0	0	0	0	0	0	0	0	0	0	0	0	0	0	0	0	0	0	0	0	0	0	0	0	0	0	0	0	0	85	0	0	0	0	0	0	0	0	0	0	0	0	0	0	0	27	14	54	38	20	0	24	0	0	0	0	0	0	0	0	0	0	0	0	0	0	0	0	0	0	0	0	0	0	0	0	0	0	0	0	0	0	0	0	0	0	0	0	0	0	0	451	0	0	0	0	0	0	0	0	0	0	0	0	0	0	0	0	0	0	0	0	0	0	0	0	0	0	0	0	0	0	0	0	0	0	0	0	0	0	0	0	0	0	0	0	0	0	0	275	93	0	1716	0	0	0	142	0	0	0	0	0	0	0	0	0	0	0	0	0	0	0	0	0	0	0	0	0	0	0	0	0	0	0	0	0	0	0	0	0	0	0	0	0	0	0
Enterobacteriaceae	0	0	0	0	0	0	0	0	0	0	0	0	156	47	69	0	107	0	0	0	0	0	0	0	0	0	0	0	0	0	0	0	0	0	0	0	0	0	0	0	0	0	0	0	0	0	0	0	0	0	0	0	0	0	30	15	0	0	0	0	0	0	9	19	0	0	0	0	0	0	95	0	0	70	0	421	0	0	0	0	0	0	0	0	0	0	0	0	0	0	0	0	0	0	0	0	0	0	0	0	0	0	0	0	0	0	0	0	0	0	0	0	0	0	0	0	0	0	0	0	0	0	0	0	0	0	0	0	324	0	0	0	0	0	0	0	569	0	0	0	0	0	0	0	0	0	0	0	0	0	0	0	0	0	0	0	0	0	0	0	0	0	0	0	0	0	0	0	0	0	0	0	0	0	0	0	0	0	0	109	2460	718	1084	10150	3431	0	0	0	0	0	0	0	0	0	0	0	5	0	0	0	13	0	0	0	0	0	0	0	0	13	0	0	0	0	0	0	0	0	0	0	0	0	0	0	0	0	0
Acetobacteraceae	0	0	0	0	0	0	0	0	0	0	0	0	90	0	0	0	0	0	0	0	0	0	0	0	0	121	0	0	0	0	0	0	0	0	0	0	0	0	0	0	0	0	0	0	557	0	0	0	0	0	0	0	0	0	0	0	0	0	0	0	0	0	0	0	0	3293	0	0	0	0	0	0	0	0	0	0	0	0	0	95	0	325	0	0	0	0	0	0	0	21	0	0	0	0	0	0	0	0	0	0	0	0	0	0	0	0	0	0	0	0	0	0	0	0	0	0	0	0	0	0	0	21027	0	2536	6864	0	0	0	0	0	0	690	1497	978	0	1285	0	0	0	0	0	466	0	0	0	0	0	0	0	0	0	0	0	0	0	4	0	0	0	0	147	31	0	0	0	0	0	0	0	0	115	0	0	0	107	0	403	140	0	125	131	183	0	307	297	0	0	0	0	0	0	0	0	0	0	0	2602	0	0	0	0	0	14	0	0	0	32	0	0	0	0	0	0	0	0	0	0	0	0	0	0	0	0	0	0	0	0
Leuconostoc	0	0	0	0	0	0	0	0	0	0	0	0	26	0	0	0	0	0	37	81	48	103	119	75	0	0	0	0	0	0	0	0	0	0	0	0	0	0	0	0	0	0	0	0	0	0	0	0	0	0	0	0	0	0	0	0	0	0	0	0	0	0	0	0	0	0	0	0	0	0	438	0	89	0	281	0	502	0	0	14148	0	0	0	0	35	0	0	0	0	31	43	0	0	0	0	0	0	0	0	0	0	0	0	0	0	0	0	0	0	0	0	0	0	0	0	0	0	0	0	0	0	0	0	0	0	0	0	0	0	0	0	0	0	0	0	0	0	0	0	0	0	0	0	0	0	0	0	0	0	0	0	0	0	0	0	0	0	0	0	0	0	0	0	0	0	0	0	0	0	0	0	0	0	0	0	0	0	0	0	81	0	0	0	0	0	0	0	0	0	0	0	0	0	0	0	0	0	0	0	0	0	0	0	0	0	0	0	0	0	0	0	0	0	0	0	0	0	0	0	0	0	0	0	0	0	0	0
Chroococcidiopsis	0	0	0	0	0	0	0	0	0	0	0	0	0	0	32	0	0	20	142	113	171	204	126	159	0	0	0	0	0	0	0	0	0	0	0	0	0	0	0	0	0	0	0	0	0	0	0	0	0	0	0	0	0	0	0	0	0	0	0	0	0	0	0	0	0	0	0	0	0	0	0	0	0	0	0	0	0	0	0	0	0	0	0	0	0	0	0	0	0	0	0	0	0	0	0	0	0	0	0	0	0	0	0	0	0	0	0	0	0	0	0	0	0	0	0	0	0	0	0	0	0	2538	0	0	0	0	807	0	346	361	41778	0	0	0	0	0	1258	1335	0	0	0	200	0	0	0	0	0	0	0	0	0	0	0	0	0	0	0	0	0	0	0	0	0	0	0	0	0	0	0	0	0	0	0	0	0	0	0	0	0	0	0	0	0	0	0	0	0	0	0	0	0	0	0	0	0	0	0	0	0	0	0	0	0	0	0	0	14	0	0	0	95	0	38	87	0	0	0	0	0	0	0	0	0	0	0	0	0
Corynebacterium	0	0	0	0	0	0	0	0	0	0	0	0	0	0	59	0	0	60	3462	4596	4047	6165	5719	4907	0	0	0	0	0	0	0	0	0	0	0	0	0	0	0	0	0	0	0	0	0	0	0	0	0	0	93	0	0	0	0	0	0	62	0	0	48	0	0	0	0	0	0	0	0	0	0	0	0	0	0	0	0	0	0	0	0	0	0	0	0	0	0	0	0	0	0	0	0	0	0	0	427	449	0	818	658	0	0	216	0	0	0	0	0	0	0	0	0	0	0	0	0	0	0	0	0	0	0	0	0	0	14188	0	0	0	0	0	0	0	0	0	0	0	0	0	0	0	0	0	0	0	0	0	100	0	0	0	0	0	0	0	0	0	0	0	706	0	0	0	0	0	0	0	0	0	0	0	0	0	0	0	350	0	0	0	0	0	0	0	0	0	0	0	0	0	0	0	0	0	0	0	0	0	0	0	126	323	0	230	0	0	0	0	0	0	0	0	0	0	0	0	0	0	0	0	0	0	0	0	0	0	0
Prevotella	0	0	0	0	0	0	0	0	0	0	0	0	0	0	19	0	0	34	132	239	300	301	467	2343	0	0	0	0	0	0	0	0	0	0	0	0	0	0	0	0	0	0	0	0	0	0	0	0	0	56	32	0	0	0	0	0	0	0	0	0	0	43	0	0	0	0	0	0	0	0	0	0	0	0	0	0	0	0	0	0	0	0	0	0	0	68	0	16	0	68	0	0	0	0	0	0	0	0	0	0	0	0	0	0	0	0	0	0	0	0	0	0	0	0	0	0	0	0	0	0	0	0	0	0	0	0	0	0	0	0	0	0	0	0	0	0	0	0	0	0	0	0	0	0	0	0	0	0	0	0	0	0	0	0	0	0	0	0	0	0	0	0	0	0	0	0	0	0	0	0	0	0	0	0	0	0	0	0	0	0	0	0	0	0	0	0	0	125	0	0	0	0	0	0	0	0	0	0	0	0	0	0	0	0	0	0	0	0	0	0	0	0	0	0	0	0	0	0	0	0	0	0	0	0	0	0	0
Enterobacter	0	0	0	0	0	0	0	0	0	0	0	0	0	0	0	0	0	71	3543	0	96	139	92	5640	0	0	0	0	0	0	0	0	0	0	0	0	0	0	0	0	0	0	0	0	0	0	0	0	0	0	0	0	0	0	124	25	0	69	63	0	53	97	30	91	0	0	0	0	0	0	0	7603	0	0	0	0	0	0	0	0	0	0	0	0	0	0	0	0	0	0	0	0	0	0	0	0	0	0	0	0	0	0	0	0	0	0	0	0	0	0	0	0	0	0	0	0	0	0	0	0	0	0	0	0	1068	0	0	0	0	0	0	0	0	0	0	0	0	0	0	0	0	0	0	0	0	0	0	0	0	0	0	0	0	0	0	2	0	0	0	0	0	0	0	0	0	0	0	0	0	0	0	0	0	0	0	0	0	0	0	132	73847	227	1189	96046	0	0	0	3489	0	0	0	0	0	0	0	0	30	0	0	0	0	0	0	0	0	0	67	0	0	0	0	0	0	0	0	0	0	0	0	0	0	0	0	0	0	0	0
Streptomyces	0	0	0	0	0	0	0	0	0	0	0	0	0	0	0	0	0	0	61	92	57	86	145	69	0	0	883	0	0	0	0	0	0	0	0	0	0	0	0	0	0	0	0	0	0	0	0	0	0	0	0	0	0	0	25	0	0	9	0	0	0	0	0	0	0	0	0	0	0	0	125	0	0	0	132	0	273	0	0	0	0	0	0	0	0	18	34	0	0	34	0	0	68	58	177	109	348	275	157	1044	216	67	208	387	0	0	0	0	0	0	0	0	0	0	0	0	0	0	0	0	0	0	0	0	0	0	0	0	0	0	0	0	0	0	0	0	0	0	0	0	0	0	0	0	0	0	0	0	0	0	0	0	0	0	0	0	0	0	0	175	0	0	0	0	0	0	0	0	0	0	0	0	0	0	0	0	0	0	0	0	0	0	0	0	0	0	0	0	0	0	0	0	0	0	0	0	0	0	10	0	21	56	0	0	0	14	0	0	0	0	0	0	0	0	0	0	0	0	0	0	0	0	0	0	0	0	0
Brevibacterium	0	0	0	0	0	0	0	0	0	0	0	0	0	0	0	0	0	0	215	88	116	103	123	59	0	0	0	0	0	0	0	0	0	0	0	0	0	0	0	0	0	0	0	0	0	0	0	0	0	0	0	0	0	0	0	0	0	0	0	0	0	0	0	0	0	0	0	0	0	0	0	0	0	0	0	0	0	0	0	0	0	0	0	0	0	0	0	0	0	0	0	0	0	0	0	0	0	0	0	0	12	0	0	18	0	0	0	0	0	0	0	0	0	0	0	0	0	0	0	0	0	0	0	0	0	0	0	0	0	0	0	0	0	0	0	0	0	0	0	0	0	0	0	0	37	0	0	0	0	0	0	0	0	0	0	0	0	0	0	0	0	0	0	0	0	0	0	0	0	0	0	0	0	0	0	0	0	0	0	0	0	0	0	0	0	0	0	0	0	0	0	0	0	0	0	0	0	0	0	0	0	0	0	0	0	0	0	0	0	0	0	0	0	0	0	0	0	0	0	0	0	0	0	0	0	0	0
Flavobacterium	0	0	0	0	0	0	0	0	0	0	0	0	0	0	0	0	0	0	270	72	0	81	107	991	0	0	0	0	0	0	0	0	0	0	0	0	0	0	0	0	0	0	0	0	0	0	0	0	0	0	0	0	0	0	0	4	0	0	0	0	0	0	0	0	0	0	0	0	0	0	0	0	0	0	0	0	2836	0	0	0	0	0	0	0	0	0	0	0	43	0	56	0	0	0	0	0	0	22	0	0	0	0	0	0	0	0	0	0	0	0	0	0	0	0	0	0	0	0	400	989	0	0	0	0	0	0	0	0	0	0	0	0	0	0	0	0	0	0	0	0	0	0	0	34	0	0	0	0	0	0	0	0	0	0	0	0	0	0	0	0	0	0	0	0	0	0	0	0	0	0	0	0	0	0	0	0	0	0	0	0	0	0	0	0	0	0	0	0	0	0	0	0	0	0	0	0	0	0	7	0	0	0	9	0	0	0	0	0	0	0	0	0	0	0	0	0	0	0	0	0	0	0	0	0	0	0	0
Pseudomonas	0	0	0	0	0	0	0	0	0	0	0	0	0	0	0	0	0	0	3756	4676	4420	5739	5848	13924	0	0	0	0	0	0	0	0	0	0	0	0	0	0	0	0	0	0	0	0	3673	0	0	0	0	2182	3932	0	0	0	0	202	0	1175	503	0	893	719	0	572	0	0	0	0	0	0	0	0	0	5608	0	0	0	102	0	0	0	0	0	0	2007	0	3575	1358	3231	0	6118	0	0	0	0	0	0	0	0	0	0	0	0	0	0	5057	0	0	0	0	0	0	0	0	0	0	0	0	30260	58858	0	25212	0	867	13078	0	4741	0	2503	2343	6911	34597	0	0	0	0	20589	0	0	0	0	5020	11065	0	0	0	0	0	0	0	0	0	0	0	0	0	0	0	0	0	0	0	0	0	0	0	0	0	0	0	0	0	0	0	0	0	0	0	0	0	0	0	0	0	175	0	0	0	0	0	0	0	0	0	0	0	0	0	0	17	0	0	0	0	0	0	0	0	0	0	0	0	0	0	0	0	0	0	0	0	0	0	0	0	0	0	0
Ochrobactrum	0	0	0	0	0	0	0	0	0	0	0	0	0	0	0	0	0	0	161	119	264	180	234	143	97	25	36	142	106	44	55	77	70	52	55	46	65	47	55	45	53	44	54	52	123	38	50	40	0	0	0	0	0	0	26	5	0	0	0	30	0	0	0	12	0	0	0	0	0	0	0	0	0	0	0	0	0	0	0	0	0	0	0	0	0	0	0	0	0	0	0	0	0	0	0	0	0	0	0	0	0	0	0	0	0	0	0	0	0	0	0	0	0	0	0	0	0	0	0	0	0	0	0	0	235	0	0	0	0	0	0	0	0	0	0	0	0	0	0	0	0	0	0	0	0	0	0	0	0	0	0	0	0	0	0	0	0	0	0	0	0	0	0	0	0	0	0	0	0	0	0	0	0	0	0	0	0	0	0	0	0	0	0	0	0	0	0	0	0	0	0	0	0	0	0	0	0	0	0	0	0	0	0	0	0	0	0	0	0	0	0	0	0	0	0	0	0	0	0	0	0	0	0	0	0	0	0
Achromobacter	0	0	0	0	0	0	0	0	0	0	0	0	0	0	0	0	0	0	332	353	397	393	561	440	0	0	0	0	0	0	0	0	0	0	0	0	0	0	0	0	0	0	0	0	30	0	0	0	0	0	0	0	0	0	0	0	0	150	39	0	110	66	0	0	0	0	0	0	0	0	0	0	0	0	0	0	0	0	0	0	0	0	0	0	0	0	0	0	0	0	0	0	0	22	46	36	136	79	56	216	112	0	83	75	0	0	0	0	0	0	0	0	0	0	0	0	0	0	0	0	0	0	0	0	739	0	462	0	0	0	0	0	0	0	0	0	405	0	0	0	0	0	0	0	0	0	0	0	0	0	0	0	0	0	0	0	0	0	0	0	0	0	0	0	0	0	0	0	0	0	0	0	0	0	0	0	0	0	0	0	0	0	0	0	0	0	0	0	0	0	0	0	0	0	0	0	0	0	0	0	0	0	0	0	0	0	0	0	0	0	0	0	0	0	0	0	0	1348	0	0	0	0	0	0	0	0	0
Stenotrophomonas	0	0	0	0	0	0	0	0	0	0	0	0	0	0	0	0	0	0	746	741	797	1133	1133	848	0	0	285	0	0	0	0	0	305	0	330	0	0	0	0	0	0	0	415	243	0	0	0	0	0	0	0	0	0	0	0	0	0	330	211	0	218	433	0	0	0	0	0	0	0	0	0	0	0	0	0	0	0	0	0	0	0	0	0	0	0	0	0	0	0	0	0	0	0	0	0	0	0	0	0	0	0	0	0	0	0	0	0	0	0	0	0	0	0	0	0	0	0	0	0	0	0	0	0	0	0	0	0	0	0	0	0	0	0	0	0	0	0	0	0	0	0	0	0	0	0	0	0	0	0	0	0	0	0	0	0	0	0	0	0	0	0	0	0	0	0	0	0	0	0	0	0	0	0	0	0	0	0	0	0	0	0	0	0	0	0	0	0	0	0	0	0	0	0	0	0	0	0	0	0	0	0	0	0	0	0	0	0	0	0	0	0	0	0	0	0	0	0	0	0	0	0	0	0	0	0	0	0
Deinococcus	0	0	0	0	0	0	0	0	0	0	0	0	0	0	0	0	0	0	0	58	46	44	47	39	0	0	0	0	0	0	0	0	0	0	0	0	0	0	0	0	0	0	0	0	0	0	0	0	0	0	29	0	0	0	56	7	0	0	17	0	0	0	0	22	0	0	0	0	0	0	0	0	0	0	0	0	0	0	0	0	0	0	0	0	0	0	0	0	0	0	0	0	0	0	0	0	0	0	0	0	0	0	0	0	0	0	0	0	0	0	0	0	0	0	0	0	0	0	0	0	0	0	0	0	0	0	0	359	0	0	0	0	0	0	0	0	476	0	0	4003	0	0	0	0	6	0	0	0	0	0	0	0	0	0	0	0	0	0	0	0	0	0	0	0	0	0	0	0	0	0	0	0	0	0	0	0	0	0	0	0	0	0	0	0	0	0	0	0	0	0	0	0	0	0	0	0	0	0	0	0	0	0	0	0	0	0	0	0	0	0	0	0	0	0	0	0	0	0	0	0	0	0	0	0	0	0	0
Burkholderia	0	0	0	0	0	0	0	0	0	0	0	0	0	0	0	0	0	0	0	0	34	61	57	35	0	0	0	0	0	0	0	0	0	0	0	0	0	0	0	0	0	0	0	0	36	0	0	0	0	0	0	0	0	0	0	170	0	85	68	0	42	65	0	0	0	0	0	0	0	0	0	0	0	0	0	0	0	0	0	0	0	0	0	0	0	0	0	0	0	0	16	0	0	0	0	0	0	41	28	81	71	0	0	88	0	0	0	0	0	0	0	0	0	0	0	0	0	0	0	0	235	0	0	0	1211	0	633	0	0	0	0	0	0	0	0	814	568	811	0	273	0	0	0	78	8	0	0	0	0	0	0	0	0	0	0	0	0	0	0	0	26	0	25	0	35	38	0	39	0	0	0	33	65	0	0	0	49	26	66	0	0	0	0	0	0	0	0	0	0	0	0	0	0	0	0	0	0	0	0	0	0	0	0	0	0	0	32	0	0	0	0	0	0	0	0	0	0	0	0	0	0	0	0	0	0	0	0
Asticcacaulis	0	0	0	0	0	0	0	0	0	0	0	0	0	0	0	0	0	0	0	0	0	0	0	0	47	24	61	67	52	42	34	67	58	65	42	31	44	30	0	31	25	48	86	33	85	68	66	0	0	0	0	0	0	0	0	0	0	0	0	0	0	0	0	0	0	0	0	0	0	0	0	0	0	0	0	0	0	0	0	0	0	0	0	0	0	0	0	0	0	0	0	0	0	0	0	0	0	0	0	0	0	0	0	0	0	0	0	0	0	0	0	0	0	0	0	0	0	0	0	0	0	0	0	0	0	0	0	0	0	0	0	0	0	0	0	0	0	0	0	0	0	0	0	0	0	0	0	0	0	0	0	0	15	0	0	0	0	0	0	0	0	0	0	0	0	0	0	0	0	0	0	0	0	0	0	0	0	0	0	0	0	0	0	0	0	0	0	0	0	0	0	0	0	0	0	0	0	0	0	0	0	0	0	0	0	0	0	0	0	0	0	0	0	0	0	0	0	0	0	0	0	0	0	0	0	0	0
Enterococcus	0	0	0	0	0	0	0	0	0	0	0	0	0	0	0	0	0	0	0	0	0	0	0	0	0	0	0	0	0	0	0	0	0	0	0	0	0	0	0	0	0	0	0	0	0	0	0	0	0	0	0	0	0	0	66	34	0	0	0	0	0	0	26	66	0	0	0	0	0	0	0	0	0	0	0	0	919	0	0	0	0	0	0	0	125	23	55	0	0	0	37	0	0	0	0	0	0	0	0	0	0	0	0	0	0	0	0	0	0	0	0	0	0	0	0	0	0	0	0	0	0	0	0	0	0	0	10992	0	0	0	0	0	0	0	1793	0	0	0	0	0	0	0	0	0	0	0	0	0	0	0	0	0	0	0	0	0	0	0	0	0	0	0	0	0	0	0	0	0	0	0	0	0	0	0	0	0	0	0	0	0	0	0	0	0	0	0	0	0	0	0	0	0	0	135	0	0	0	21	0	0	0	48	0	0	0	0	0	0	0	0	0	0	0	0	0	0	0	0	0	0	0	0	0	0	0	0	0
Methylophilus	0	0	0	0	0	0	0	0	0	0	0	0	0	0	0	0	0	0	0	0	0	0	0	0	0	0	0	0	0	0	0	0	0	0	0	0	0	0	0	0	0	0	0	0	0	0	0	0	0	0	0	0	0	0	0	0	0	8	12	0	0	24	0	0	0	0	0	0	0	0	0	0	0	0	0	0	0	0	0	0	0	0	0	0	0	0	0	0	0	0	0	0	0	0	0	0	0	0	0	0	0	0	0	0	0	0	0	0	0	0	0	0	0	0	0	0	0	0	0	0	0	0	0	0	841	0	348	261	0	0	0	0	0	0	0	0	363	251	0	225	0	0	0	0	0	0	0	0	0	0	0	0	0	0	0	0	0	0	0	0	0	0	0	0	0	0	0	0	0	0	0	0	0	0	0	0	0	0	0	0	0	0	0	0	0	0	0	0	0	0	0	0	0	0	12	0	11	0	11	28	29	18	18	0	0	20	23	20	0	35	0	0	0	0	0	0	0	0	0	0	0	0	0	0	0	0	0
Methylothermaceae	0	0	0	0	0	0	0	0	0	0	0	0	0	0	0	0	0	0	0	0	0	0	0	0	0	0	0	0	0	0	0	0	0	0	0	0	0	0	0	0	0	0	0	0	0	0	0	0	0	0	0	0	0	0	0	0	0	9	33	0	0	0	0	0	0	0	0	0	0	0	0	0	0	0	0	0	0	0	0	0	0	0	0	0	0	0	0	0	0	0	0	0	0	0	0	0	0	0	0	0	0	0	0	0	0	0	0	0	0	0	0	0	0	0	0	0	0	0	0	0	0	0	0	0	0	0	0	0	0	0	0	0	0	0	0	0	778	848	0	0	0	0	0	0	0	0	0	0	0	0	0	0	0	0	0	0	0	0	0	0	0	0	0	0	0	0	0	0	0	0	0	0	0	0	0	0	0	0	0	0	0	0	0	0	0	0	0	0	0	0	0	0	0	0	80	0	35	45	79	82	101	60	110	40	55	99	86	61	54	78	0	0	0	0	0	0	0	0	0	0	0	0	0	0	0	0	0
Commensalibacter	0	0	0	0	0	0	0	0	0	0	0	0	0	0	0	0	0	0	0	0	0	0	0	0	0	0	0	0	0	0	0	0	0	0	0	0	0	0	0	0	0	0	0	0	0	0	0	0	0	0	0	0	0	0	0	0	0	0	0	0	0	0	0	0	0	105906	53612	1251	0	0	0	2422	413	166	0	359	1297	1300	154	0	0	0	0	0	0	25	43	0	0	64	29	0	0	0	0	0	0	0	0	0	0	0	0	0	0	0	0	0	0	0	2688	2452	0	0	0	0	0	0	0	0	337	41827	19887	5976	11379	716	21790	607	13486	1474	2196	14204	5238	1474	1065	7139	1645	3196	0	2655	0	1373	1988	0	0	0	0	0	0	0	0	0	0	0	0	0	0	0	0	0	0	0	0	0	0	0	0	0	0	0	0	0	0	0	0	0	0	0	0	549	5725	11503	3514	11472	9453	40	0	429	58	0	0	950	0	0	0	0	5	0	0	0	0	0	0	0	0	0	0	0	0	0	0	0	0	0	0	164	0	0	0	0	0	0	0	0	202	64	424
Bartonella	0	0	0	0	0	0	0	0	0	0	0	0	0	0	0	0	0	0	0	0	0	0	0	0	0	0	0	0	0	0	0	0	0	0	0	0	0	0	0	0	0	0	0	0	0	0	0	0	0	0	0	0	0	0	0	0	0	0	0	0	0	0	0	0	0	10354	65439	3943	0	0	0	3220	0	3560	0	2044	0	1399	0	0	0	190	0	0	0	0	0	0	0	0	0	0	0	0	0	0	0	0	0	0	0	0	0	0	0	0	0	0	0	0	0	0	0	0	0	0	0	0	0	0	1769	67546	3426	4135	1543	43055	554088	17696	24826	4206	1810	65225	8646	2890	52186	34202	17564	26976	10077	6544	0	86708	13939	0	0	0	0	0	0	0	0	0	0	0	0	0	0	0	0	0	0	0	0	0	0	0	0	0	0	0	0	0	0	0	0	0	0	0	0	12623	14121	110	32627	56753	49636	44	0	675	50	0	45	518	912	754	0	0	0	0	0	0	0	0	0	0	109	0	0	0	0	0	0	0	0	0	0	536	238	0	177	0	1318	1008	0	0	0	0	0
Orbus	0	0	0	0	0	0	0	0	0	0	0	0	0	0	0	0	0	0	0	0	0	0	0	0	0	0	0	0	0	0	0	0	0	0	0	0	0	0	0	0	0	0	0	0	0	0	0	0	0	0	0	0	0	0	0	0	0	0	0	0	0	0	0	0	0	1444	328	0	0	0	0	126	0	0	0	138	0	193	0	0	0	0	0	0	0	0	23	21	26	25	19	0	0	0	0	0	0	0	0	0	0	0	0	0	26	0	0	188	0	0	0	0	0	0	0	0	0	0	0	0	0	0	0	0	676	0	679	288	5479	0	3014	6879	0	0	0	1553	406	0	0	0	0	0	0	0	0	0	0	0	0	0	0	0	0	0	0	0	0	0	0	0	0	0	0	0	0	0	0	0	0	0	0	0	0	0	0	0	0	0	0	2127	1196	4085	12852	6933	10470	0	0	0	0	0	0	0	0	0	0	0	14	0	23	0	0	0	64	0	0	0	0	0	0	0	0	0	0	0	0	0	0	0	0	0	0	0	0	0	0	0	137
Alcaligenes	0	0	0	0	0	0	0	0	0	0	0	0	0	0	0	0	0	0	0	0	0	0	0	0	0	0	0	0	0	0	0	0	0	0	0	0	0	0	0	0	0	0	0	0	0	0	0	0	0	0	0	0	0	0	0	0	0	0	0	0	0	0	0	0	0	0	0	0	0	0	0	0	0	0	0	0	0	0	0	0	0	0	0	0	0	0	0	0	0	0	0	0	0	0	0	0	0	0	0	0	0	0	0	0	0	0	0	0	0	0	0	0	0	0	0	0	0	0	0	0	4626	8541	3318	3088	51494	3471	39339	12462	7035	6974	1846	849	4920	6145	5519	16359	34872	39748	1247	13299	0	4217	4549	0	0	0	0	0	0	0	0	0	0	0	0	0	0	0	0	0	0	0	0	0	0	0	0	0	0	0	0	0	0	0	0	0	0	0	0	0	0	0	0	0	0	0	0	0	0	0	0	0	0	0	0	0	0	0	0	0	0	0	0	0	0	0	0	0	0	0	0	0	0	0	0	0	0	0	0	0	0	0	0	0	0	0	0
